,Mean Terminal Wealth,Median Terminal Wealth,Std Terminal Wealth,Goal Hit Rate,Mean Max Drawdown
RL_gamma_1,240527.97256690374,237221.43358890398,22121.27881233898,0.0,0.28143047358295553
RL_gamma_3,238082.88327208217,240371.213544683,21833.57403699071,0.0,0.28622951526290313
RL_gamma_8,319545.31620153686,313687.2975888302,51429.96889565759,0.0,0.41160390878807296
Baseline_60_40,262890.20905230544,261065.08442924864,27050.174205617994,0.0,0.3296104792837368
